Metric,Value
RMSE,20651.885318573386
MAE,14656.591508829137
