Metric,Value
RMSE,20329.062534036297
MAE,14216.361115685253
