Metric,Value
RMSE,36085.037841403704
MAE,35987.210744124066
