Metric,Value
RMSE,19084.219211792184
MAE,13053.601162455621
