Metric,Value
RMSE,20905.336428374674
MAE,14597.804299199424
