Metric,Value
RMSE,20263.824826478136
MAE,14178.006488588957
