Metric,Value
RMSE,20851.320536155734
MAE,14926.347943441304
