Metric,Value
RMSE,19533.0255923112
MAE,13558.134266796178
