Metric,Value
RMSE,19761.636678460334
MAE,13804.776945103336
