Metric,Value
RMSE,19514.940798677566
MAE,13587.41723831583
