Metric,Value
RMSE,20154.479270811695
MAE,14186.849647398487
