Metric,Value
RMSE,18996.928480490955
MAE,13083.981457059059
