Metric,Value
RMSE,19615.13204712174
MAE,13717.454224640385
