Metric,Value
RMSE,18659.512249885862
MAE,12670.730303816232
