Metric,Value
RMSE,19855.60972100138
MAE,13898.707687471084
