Metric,Value
RMSE,19990.764237486685
MAE,14012.261971216383
