Metric,Value
RMSE,19232.619507425174
MAE,13137.903105611831
