Metric,Value
RMSE,19408.05111106677
MAE,13434.248003587947
