Metric,Value
RMSE,19499.848514471167
MAE,13546.082263210115
