Metric,Value
RMSE,18794.93082648624
MAE,12794.045349205584
