Metric,Value
RMSE,19116.088131978817
MAE,13066.145606758851
