Metric,Value
RMSE,19922.245765308013
MAE,13965.165782032036
