Metric,Value
RMSE,19789.315155620676
MAE,13823.710856076896
