Metric,Value
RMSE,19625.805029071984
MAE,13684.511364490365
