Metric,Value
RMSE,20788.04725592052
MAE,14875.494175994767
