Metric,Value
RMSE,19501.599326748423
MAE,13560.223743914
