Metric,Value
RMSE,20000.62031713166
MAE,13965.997059832058
