Metric,Value
RMSE,19783.97400500273
MAE,13834.283268024648
