Metric,Value
RMSE,25479.136537898296
MAE,18313.818336529363
