Metric,Value
RMSE,19201.963664412746
MAE,13266.137448476586
