Metric,Value
RMSE,19162.420196607338
MAE,13165.728825793743
