Metric,Value
RMSE,22675.279619833276
MAE,16264.146866460507
