Metric,Value
RMSE,19935.512938820048
MAE,13909.67704272031
