Metric,Value
RMSE,19632.840430266184
MAE,13697.269317706292
