Metric,Value
Accuracy,0.9696986483492134
Precision,0.9508926411534182
Recall,0.9959965539958445
F1-Score,0.9729221325676947
AUC-ROC,0.9667715427256482
