Order_Id,Risk_Score
26043,4.940375e-05
26037,0.9614326
26024,0.9814958
26022,4.5276684e-05
26018,4.9002243e-05
